PLAYER,SKATER SHOOTS,POSITION,GAMES PLAYED,GOALS,ASSISTS,POINTS,PENALTY MINUTES,SHOTS,SHOOTING PERCENTAGE,TEAM ID
Nikita Kucherov,L,R,78,37,84,121,45,265,14,TBL
Nathan MacKinnon,R,C,79,32,84,116,41,320,10,COL
Leon Draisaitl,L,C,71,52,54,106,34,240,21.7,EDM
David Pastrnak,R,R,82,43,63,106,42,319,13.5,BOS
Mitchell Marner,R,R,81,27,75,102,14,173,15.6,TOR
Connor McDavid,L,C,67,26,74,100,37,196,13.3,EDM
Kyle Connor,L,L,82,41,56,97,25,267,15.4,WPG
Jack Eichel,R,C,77,28,66,94,8,233,12,VGK
Cale Makar,R,D,80,30,62,92,14,246,12.2,COL
Sidney Crosby,L,C,80,33,58,91,31,227,14.5,PIT
Brandon Hagel,L,L,82,35,55,90,58,228,15.4,TBL
Clayton Keller,L,R,81,30,60,90,28,218,13.8,UTA
Artemi Panarin,R,L,80,37,52,89,16,237,15.6,NYR
Nick Suzuki,R,C,82,30,59,89,8,172,17.4,MTL
Mikko Rantanen,L,R,82,32,56,88,60,212,15.1,"COL,CAR,DAL"
Jesper Bratt,L,L,81,21,67,88,18,180,11.7,NJD
Mark Scheifele,R,C,82,39,48,87,61,181,21.6,WPG
William Nylander,R,R,82,45,39,84,26,253,17.8,TOR
Martin Necas,R,C,79,27,56,83,16,194,13.9,"CAR,COL"
Brayden Point,R,C,77,42,40,82,7,189,22.2,TBL
Matt Duchene,L,C,82,30,52,82,12,152,19.7,DAL
Dylan Strome,L,C,82,29,53,82,34,149,19.5,WSH
Zach Werenski,L,D,81,23,59,82,31,298,7.7,CBJ
Sam Reinhart,R,C,79,39,42,81,27,213,18.3,FLA
Robert Thomas,R,C,70,21,60,81,20,145,14.5,STL
Jake Guentzel,L,C,80,41,39,80,24,217,18.9,TBL
Jason Robertson,L,L,82,35,45,80,18,211,16.6,DAL
Lucas Raymond,R,L,82,27,53,80,18,192,14.1,DET
Tim Stützle,L,C,82,24,55,79,46,162,14.8,OTT
Auston Matthews,L,C,67,33,45,78,20,261,12.6,TOR
Filip Forsberg,R,L,82,31,45,76,44,281,11,NSH
Travis Konecny,R,R,82,24,52,76,53,188,12.8,PHI
Quinn Hughes,L,D,68,16,60,76,29,192,8.3,VAN
John Tavares,L,C,75,38,36,74,46,200,19,TOR
Kirill Marchenko,R,R,79,31,43,74,20,207,15,CBJ
Sebastian Aho,L,C,79,29,45,74,46,207,14,CAR
Alex Ovechkin,R,L,65,44,29,73,14,237,18.6,WSH
Adrian Kempe,L,R,81,35,38,73,36,237,14.8,LAK
Matt Boldy,L,L,82,27,46,73,51,271,10,MIN
Tage Thompson,R,C,76,44,28,72,35,242,18.2,BUF
Wyatt Johnston,R,C,82,33,38,71,14,202,16.3,DAL
Aleksander Barkov,L,C,67,20,51,71,16,149,13.4,FLA
Alex DeBrincat,R,R,82,39,31,70,29,244,16,DET
Cole Caufield,R,R,82,37,33,70,14,240,15.4,MTL
Jordan Kyrou,R,R,82,36,34,70,20,239,15.1,STL
Rickard Rakell,R,R,81,35,35,70,14,203,17.2,PIT
Dylan Larkin,L,C,82,30,40,70,40,234,12.8,DET
Jack Hughes,L,C,62,27,43,70,18,229,11.8,NJD
J.T. Miller,L,C,72,22,48,70,55,137,16.1,"VAN,NYR"
Nico Hischier,L,C,75,35,34,69,20,187,18.7,NJD
JJ Peterka,L,R,77,27,41,68,34,173,15.6,BUF
Drake Batherson,R,R,82,26,42,68,30,192,13.5,OTT
Rasmus Dahlin,L,D,73,17,51,68,54,200,8.5,BUF
Alex Tuch,R,R,82,36,31,67,47,196,18.4,BUF
Nazem Kadri,L,C,82,35,32,67,72,279,12.5,CGY
Seth Jarvis,R,C,73,32,35,67,16,204,15.7,CAR
Roope Hintz,L,C,76,28,39,67,30,160,17.5,DAL
Connor Bedard,R,C,82,23,44,67,70,195,11.8,CHI
Anze Kopitar,L,C,81,21,46,67,4,98,21.4,LAK
Mark Stone,R,R,66,19,48,67,14,131,14.5,VGK
Evan Bouchard,R,D,82,14,53,67,32,235,6,EDM
Aliaksei Protas,L,C,76,30,36,66,18,142,21.1,WSH
Mikael Granlund,L,C,83,22,44,66,28,169,13,"SJS,DAL"
Pierre-Luc Dubois,L,L,82,20,46,66,76,142,14.1,WSH
Victor Hedman,L,D,79,15,51,66,30,181,8.3,TBL
Lane Hutson,L,D,82,6,60,66,34,91,6.6,MTL
Tom Wilson,R,R,81,33,32,65,100,169,19.5,WSH
Bryan Rust,R,R,71,31,34,65,18,191,16.2,PIT
Logan Cooley,L,C,75,25,40,65,46,158,15.8,UTA
Dylan Holloway,L,L,77,26,37,63,10,178,14.6,STL
Matvei Michkov,L,R,80,26,37,63,46,199,13.1,PHI
Macklin Celebrini,L,C,70,25,38,63,28,236,10.6,SJS
Nikolaj Ehlers,L,L,69,24,39,63,17,174,13.8,WPG
Nick Schmaltz,R,C,82,20,43,63,14,186,10.8,UTA
Ryan Donato,L,C,80,31,31,62,41,182,17,CHI
Jonathan Huberdeau,L,L,81,28,34,62,34,153,18.3,CGY
Mika Zibanejad,R,C,82,20,42,62,22,183,10.9,NYR
Josh Morrissey,L,D,80,14,48,62,22,172,8.1,WPG
Tomas Hertl,L,C,73,32,29,61,20,177,18.1,VGK
Gabriel Vilardi,R,C,71,27,34,61,14,130,20.8,WPG
Jared McCann,L,L,82,22,39,61,18,202,10.9,SEA
Adam Fox,R,D,74,10,51,61,32,135,7.4,NYR
Kevin Fiala,L,L,81,35,25,60,38,244,14.3,LAK
Dylan Guenther,R,R,70,27,33,60,26,204,13.2,UTA
Marco Rossi,L,C,82,24,36,60,26,136,17.7,MIN
Anthony Cirelli,L,C,80,27,32,59,28,160,16.9,TBL
Vincent Trocheck,R,C,82,26,33,59,44,202,12.9,NYR
Patrick Kane,L,R,72,21,38,59,12,175,12,DET
Matthew Knies,L,L,78,29,29,58,43,152,19.1,TOR
William Eklund,L,L,77,17,41,58,29,151,11.3,SJS
Teuvo Teravainen,L,C,82,15,43,58,12,111,13.5,CHI
Morgan Geekie,R,C,77,33,24,57,22,150,22,BOS
Bo Horvat,L,C,81,28,29,57,16,243,11.5,NYI
Connor McMichael,L,C,82,26,31,57,49,177,14.7,WSH
Kent Johnson,L,C,68,24,33,57,16,123,19.5,CBJ
Matthew Tkachuk,L,L,52,22,35,57,54,156,14.1,FLA
Pavel Buchnevich,L,L,76,20,37,57,23,145,13.8,STL
Sean Monahan,L,C,54,19,38,57,20,128,14.8,CBJ
Jake Sanderson,L,D,80,11,46,57,12,195,5.6,OTT
Shea Theodore,L,D,67,7,50,57,26,128,5.5,VGK
Brock Nelson,L,C,80,26,30,56,18,193,13.5,"NYI,COL"
Kirill Kaprizov,L,L,41,25,31,56,16,145,17.2,MIN
Jonathan Marchessault,R,R,78,21,35,56,37,206,10.2,NSH
Brady Tkachuk,L,L,72,29,26,55,123,296,9.8,OTT
Troy Terry,R,R,77,21,34,55,20,188,11.2,ANA
Adam Fantilli,L,C,82,31,23,54,18,191,16.2,CBJ
Tyler Toffoli,R,C,78,30,24,54,14,233,12.9,SJS
Anders Lee,L,L,82,29,25,54,35,233,12.5,NYI
Quinton Byfield,L,R,81,23,31,54,46,157,14.7,LAK
Mats Zuccarello,L,R,69,19,35,54,22,151,12.6,MIN
Steven Stamkos,R,C,82,27,26,53,48,174,15.5,NSH
Timo Meier,L,R,80,26,27,53,58,239,10.9,NJD
Ryan O'Reilly,L,C,79,21,32,53,24,151,13.9,NSH
Jason Zucker,L,L,73,21,32,53,57,143,14.7,BUF
Carter Verhaeghe,L,C,81,20,33,53,46,242,8.3,FLA
Ryan McLeod,L,C,79,20,33,53,16,97,20.6,BUF
Mikhail Sergachev,L,D,77,15,38,53,32,132,11.4,UTA
Erik Karlsson,R,D,82,11,42,53,20,191,5.8,PIT
Pavel Dorofeyev,L,R,82,35,17,52,30,254,13.8,VGK
Mason McTavish,L,C,76,22,30,52,38,180,12.2,ANA
Sam Bennett,L,C,76,25,26,51,90,241,10.4,FLA
Brad Marchand,L,L,71,23,28,51,64,194,11.9,"BOS,FLA"
Ivan Barbashev,L,L,70,23,28,51,10,111,20.7,VGK
Juraj Slafkovský,L,L,79,18,33,51,45,133,13.5,MTL
Chandler Stephenson,L,C,78,13,38,51,24,73,17.8,SEA
John Carlson,R,D,79,5,46,51,22,167,3,WSH
Brock Boeser,R,R,75,25,25,50,16,145,17.2,VAN
Conor Garland,R,R,81,19,31,50,52,171,11.1,VAN
Brayden Schenn,L,C,82,18,32,50,61,145,12.4,STL
Cole Perfetti,L,C,82,18,32,50,20,143,12.6,WPG
Evgeni Malkin,L,C,68,16,34,50,42,125,12.8,PIT
Thomas Harley,L,D,78,16,34,50,16,171,9.4,DAL
Claude Giroux,R,R,81,15,35,50,18,138,10.9,OTT
Jaden Schwartz,L,L,81,26,23,49,24,194,13.4,SEA
Ryan Nugent-Hopkins,L,C,78,20,29,49,24,164,12.2,EDM
Jamie Benn,L,L,80,16,33,49,70,136,11.8,DAL
Jake DeBrusk,L,L,82,28,20,48,18,171,16.4,VAN
Kyle Palmieri,R,C,82,24,24,48,20,169,14.2,NYI
Andrei Svechnikov,L,R,72,20,28,48,59,180,11.1,CAR
Matt Coronato,R,R,77,24,23,47,25,180,13.3,CGY
Dmitri Voronkov,L,L,73,23,24,47,55,154,14.9,CBJ
Mason Marchment,L,L,62,22,25,47,53,134,16.4,DAL
Jakob Chychrun,L,D,74,20,27,47,52,179,11.2,WSH
Elias Lindholm,R,C,82,17,30,47,14,152,11.2,BOS
Dylan Cozens,R,C,82,16,31,47,68,188,8.5,"BUF,OTT"
Pavel Zacha,L,C,82,14,33,47,21,132,10.6,BOS
MacKenzie Weegar,R,D,81,8,39,47,33,184,4.4,CGY
Pius Suter,L,C,81,25,21,46,18,138,18.1,VAN
Warren Foegele,L,L,82,24,22,46,24,199,12.1,LAK
Tyler Bertuzzi,L,L,82,23,23,46,51,131,17.6,CHI
Jake Neighbours,L,L,82,22,24,46,56,122,18,STL
Oliver Bjorkstrand,R,R,79,21,25,46,18,154,13.6,"SEA,TBL"
Barrett Hayton,L,C,82,20,26,46,45,155,12.9,UTA
Moritz Seider,R,D,82,8,38,46,40,162,4.9,DET
Artturi Lehkonen,L,L,69,27,18,45,34,148,18.2,COL
Frank Vatrano,L,R,81,21,24,45,80,234,9,ANA
Simon Holmstrom,L,R,75,20,25,45,8,96,20.8,NYI
Will Cuylle,L,L,82,20,25,45,42,152,13.2,NYR
Leo Carlsson,L,C,76,20,25,45,14,114,17.5,ANA
Will Smith,R,C,74,18,27,45,18,127,14.2,SJS
Alexis Lafrenière,L,L,82,17,28,45,38,153,11.1,NYR
Anton Lundell,L,C,79,17,28,45,36,158,10.8,FLA
Sean Couturier,L,C,79,15,30,45,41,155,9.7,PHI
Elias Pettersson,L,C,64,15,30,45,14,109,13.8,VAN
Thomas Chabot,L,D,80,9,36,45,24,179,5,OTT
Shayne Gostisbehere,L,D,70,7,38,45,52,122,5.7,CAR
Zach Hyman,R,L,73,27,17,44,32,210,12.9,EDM
Cutter Gauthier,L,L,82,20,24,44,20,190,10.5,ANA
Shane Wright,R,C,79,19,25,44,18,91,20.9,SEA
Kaapo Kakko,L,R,79,14,30,44,38,117,12,"NYR,SEA"
Devon Toews,L,D,76,10,34,44,26,138,7.3,COL
Luke Hughes,L,D,71,7,37,44,16,121,5.8,NJD
Tyson Foerster,R,R,81,25,18,43,49,142,17.6,PHI
Owen Tippett,R,R,77,20,23,43,16,188,10.6,PHI
Matty Beniers,L,C,82,20,23,43,14,147,13.6,SEA
Jackson LaCombe,L,D,75,14,29,43,28,134,10.5,ANA
Phillip Danault,L,C,80,8,35,43,26,123,6.5,LAK
Alex Laferriere,R,R,77,19,23,42,20,193,9.8,LAK
Taylor Hall,L,L,77,18,24,42,36,144,12.5,"CHI,CAR"
Jean-Gabriel Pageau,R,C,79,14,28,42,23,120,11.7,NYI
Stefan Noesen,R,R,78,22,19,41,54,165,13.3,NJD
Nick Paul,L,L,76,22,19,41,30,141,15.6,TBL
Fabian Zetterlund,R,L,84,19,22,41,14,181,10.5,"SJS,OTT"
Brandon Montour,R,D,81,18,23,41,70,231,7.8,SEA
Bobby Brink,R,R,79,12,29,41,22,105,11.4,PHI
Ryan Strome,R,C,82,10,31,41,70,137,7.3,ANA
Morgan Rielly,L,D,82,7,34,41,21,126,5.6,TOR
Brett Howden,L,C,80,23,17,40,46,125,18.4,VGK
Evgenii Dadonov,L,L,80,20,20,40,10,123,16.3,DAL
Kiefer Sherwood,R,L,78,19,21,40,35,141,13.5,VAN
Trevor Moore,L,L,71,18,22,40,14,153,11.8,LAK
Casey Mittelstadt,L,C,81,15,25,40,24,105,14.3,"COL,BOS"
Reilly Smith,L,R,79,13,27,40,24,129,10.1,"NYR,VGK"
Cam Fowler,L,D,68,9,31,40,14,88,10.2,"ANA,STL"
Dougie Hamilton,R,D,64,9,31,40,30,186,4.8,NJD
Jake Walman,L,D,65,7,33,40,42,164,4.3,"SJS,EDM"
Owen Power,L,D,79,7,33,40,16,139,5,BUF
Matt Grzelcyk,L,D,82,1,39,40,16,94,1.1,PIT
Jack Roslovic,R,C,81,22,17,39,10,139,15.8,CAR
Blake Coleman,L,L,82,15,24,39,36,194,7.7,CGY
Jack Quinn,R,R,74,15,24,39,18,123,12.2,BUF
Vince Dunn,L,D,62,11,28,39,33,137,8,SEA
Noah Hanifin,L,D,80,10,29,39,14,145,6.9,VGK
Neal Pionk,R,D,69,10,29,39,44,123,8.1,WPG
Noah Dobson,R,D,71,10,29,39,28,196,5.1,NYI
Brendan Gallagher,R,R,82,21,17,38,39,148,14.2,MTL
Michael Bunting,L,L,76,19,19,38,68,155,12.3,"PIT,NSH"
Logan Stankoven,R,C,78,14,24,38,18,194,7.2,"DAL,CAR"
Vladislav Namestnikov,L,C,78,11,27,38,38,94,11.7,WPG
Roman Josi,L,D,53,9,29,38,18,150,6,NSH
Bowen Byram,L,D,82,7,31,38,46,94,7.5,BUF
Shane Pinto,R,C,70,21,16,37,26,127,16.5,OTT
Alex Killorn,L,L,82,19,18,37,30,134,14.2,ANA
Marco Kasper,L,C,77,19,18,37,34,145,13.1,DET
Freddy Gaudreau,R,C,82,18,19,37,8,110,16.4,MIN
Nino Niederreiter,L,R,82,17,20,37,24,150,11.3,WPG
Noah Cates,L,L,78,16,21,37,14,110,14.6,PHI
Morgan Frost,L,C,81,14,23,37,22,144,9.7,"PHI,CGY"
Jonathan Drouin,L,L,43,11,26,37,6,56,19.6,COL
Andrei Kuzmenko,R,L,66,11,26,37,14,83,13.3,"CGY,PHI,LAK"
Andre Burakovsky,L,L,79,10,27,37,12,115,8.7,SEA
Darren Raddysh,R,D,73,6,31,37,14,108,5.6,TBL
Dawson Mercer,R,C,82,19,17,36,16,141,13.5,NJD
Zachary Bolduc,L,R,72,19,17,36,37,120,15.8,STL
James van Riemsdyk,L,L,71,16,20,36,23,85,18.8,CBJ
Colton Parayko,R,D,64,16,20,36,8,125,12.8,STL
Jordan Martinook,L,L,79,15,21,36,18,112,13.4,CAR
Jordan Staal,L,C,75,13,23,36,16,107,12.2,CAR
Jake Evans,R,C,82,13,23,36,10,80,16.3,MTL
Seth Jones,R,D,63,9,27,36,22,129,7,"CHI,FLA"
Eeli Tolvanen,L,R,81,23,12,35,23,137,16.8,SEA
Joshua Norris,L,C,56,21,14,35,44,96,21.9,"OTT,BUF"
Charlie Coyle,R,C,83,17,18,35,24,115,14.8,"BOS,COL"
Nick Foligno,L,L,78,15,20,35,48,104,14.4,CHI
Alexander Wennberg,L,C,77,10,25,35,14,82,12.2,SJS
Maxim Tsyplakov,L,R,77,10,25,35,39,116,8.6,NYI
Valeri Nichushkin,L,R,43,21,13,34,8,118,17.8,COL
Ilya Mikheyev,L,R,80,20,14,34,16,138,14.5,CHI
Bobby McMann,L,C,74,20,14,34,27,169,11.8,TOR
Jackson Blake,R,R,80,17,17,34,30,142,12,CAR
Adam Lowry,L,C,73,16,18,34,28,99,16.2,WPG
Ridly Greig,L,C,78,13,21,34,60,119,10.9,OTT
Marcus Johansson,L,L,72,11,23,34,12,121,9.1,MIN
Patrik Laine,R,L,52,20,13,33,14,116,17.2,MTL
Christian Dvorak,L,C,82,12,21,33,16,104,11.5,MTL
Jesperi Kotkaniemi,L,C,78,12,21,33,50,115,10.4,CAR
Vladimir Tarasenko,L,R,80,11,22,33,6,133,8.3,DET
Cole Sillinger,L,C,66,11,22,33,35,129,8.5,CBJ
Brady Skjei,L,D,82,10,23,33,42,156,6.4,NSH
Mattias Ekholm,L,D,65,9,24,33,30,143,6.3,EDM
Max Domi,L,C,74,8,25,33,76,93,8.6,TOR
Ivan Provorov,L,D,82,7,26,33,31,100,7,CBJ
Darnell Nurse,L,D,76,5,28,33,72,188,2.7,EDM
Filip Hronek,R,D,61,5,28,33,40,83,6,VAN
Mason Lohrei,L,D,77,5,28,33,16,92,5.4,BOS
Brandt Clarke,R,D,78,5,28,33,46,131,3.8,LAK
Alex Pietrangelo,R,D,71,4,29,33,16,123,3.3,VGK
Aaron Ekblad,R,D,56,3,30,33,53,106,2.8,FLA
Mathieu Olivier,R,R,82,18,14,32,139,111,16.2,CBJ
Yegor Sharangovich,L,C,73,17,15,32,8,128,13.3,CGY
Mikael Backlund,L,C,76,15,17,32,32,175,8.6,CGY
Evan Rodrigues,R,C,82,15,17,32,38,161,9.3,FLA
Eric Robinson,L,L,82,14,18,32,10,110,12.7,CAR
Trevor Zegras,L,C,57,12,20,32,23,98,12.2,ANA
J.T. Compher,R,L,76,11,21,32,24,98,11.2,DET
Luke Evangelista,R,R,68,10,22,32,22,134,7.5,NSH
Jared Spurgeon,R,D,66,7,25,32,14,107,6.5,MIN
Justin Faulk,R,D,78,4,28,32,30,124,3.2,STL
Nicolas Roy,R,C,71,15,16,31,43,107,14,VGK
Alex Iafallo,L,L,82,15,16,31,15,109,13.8,WPG
Mackie Samoskevich,R,R,72,15,16,31,12,129,11.6,FLA
Scott Laughton,L,C,80,13,18,31,32,125,10.4,"PHI,TOR"
Ryan Poehling,L,C,68,12,19,31,16,71,16.9,PHI
Gustav Forsling,L,D,80,11,20,31,16,195,5.6,FLA
Rasmus Andersson,R,D,81,11,20,31,60,163,6.8,CGY
Yanni Gourde,L,C,57,7,24,31,52,75,9.3,"SEA,TBL"
Simon Edvinsson,L,D,78,7,24,31,67,86,8.1,DET
Mike Matheson,L,D,80,6,25,31,51,149,4,MTL
Ryan McDonagh,L,D,82,4,27,31,22,78,5.1,TBL
Chris Kreider,L,L,68,22,8,30,24,152,14.5,NYR
Corey Perry,R,R,81,19,11,30,61,100,19,EDM
Brandon Saad,L,L,72,13,17,30,6,127,10.2,"STL,VGK"
Connor Brown,R,R,82,13,17,30,10,123,10.6,EDM
Keegan Kolesar,R,R,82,12,18,30,53,88,13.6,VGK
Kris Letang,R,D,74,9,21,30,52,164,5.5,PIT
Travis Sanheim,L,D,82,8,22,30,40,139,5.8,PHI
Vladislav Gavrikov,L,D,82,5,25,30,28,112,4.5,LAK
Rasmus Sandin,L,D,82,4,26,30,23,78,5.1,WSH
Alex Vlasic,L,D,82,4,26,30,12,103,3.9,CHI
Jeff Skinner,L,L,72,16,13,29,26,144,11.1,EDM
Ross Colton,L,C,61,16,13,29,18,125,12.8,COL
Victor Olofsson,L,L,56,15,14,29,16,109,13.8,VGK
Marcus Foligno,L,L,77,14,15,29,75,91,15.4,MIN
Joel Eriksson Ek,L,C,46,14,15,29,22,140,10,MIN
Joel Armia,R,R,81,11,18,29,16,104,10.6,MTL
Brock Faber,R,D,78,10,19,29,23,124,8.1,MIN
William Karlsson,L,C,53,9,20,29,4,119,7.6,VGK
Danton Heinen,L,L,79,9,20,29,31,81,11.1,"VAN,PIT"
Philip Broberg,L,D,68,8,21,29,16,97,8.3,STL
Michael Kesselring,R,D,82,7,22,29,89,150,4.7,UTA
Brent Burns,R,D,82,6,23,29,28,174,3.5,CAR
Oliver Ekman-Larsson,L,D,77,4,25,29,52,118,3.4,TOR
Marcus Pettersson,L,D,78,4,25,29,45,70,5.7,"PIT,VAN"
Ondrej Palat,L,L,77,15,13,28,12,96,15.6,NJD
Andrew Mangiapane,L,L,81,14,14,28,24,95,14.7,WSH
Kevin Stenlund,R,C,82,14,14,28,40,102,13.7,UTA
Gustav Nyquist,L,R,79,11,17,28,16,103,10.7,"NSH,MIN"
Alexander Kerfoot,L,C,81,11,17,28,14,101,10.9,UTA
Peyton Krebs,L,C,81,10,18,28,60,80,12.5,BUF
Zach Benson,L,L,75,10,18,28,60,120,8.3,BUF
Adam Larsson,R,D,82,7,21,28,31,112,6.3,SEA
Dmitry Orlov,L,D,76,6,22,28,24,117,5.1,CAR
Jordan Spence,R,D,79,4,24,28,16,86,4.7,LAK
Josh Anderson,R,R,81,15,12,27,90,109,13.8,MTL
Viktor Arvidsson,R,L,67,15,12,27,24,158,9.5,EDM
Nic Dowd,R,C,82,14,13,27,56,86,16.3,WSH
Jack McBain,L,C,82,13,14,27,78,90,14.4,UTA
Connor Zary,L,C,54,13,14,27,14,111,11.7,CGY
Adam Henrique,L,C,81,12,15,27,16,104,11.5,EDM
Tanner Pearson,L,L,78,12,15,27,8,109,11,VGK
Michael Amadio,R,R,72,11,16,27,18,85,12.9,OTT
Taylor Raddysh,R,R,80,7,20,27,18,93,7.5,WSH
K'Andre Miller,L,D,74,7,20,27,22,110,6.4,NYR
Jaccob Slavin,L,D,80,6,21,27,8,110,5.5,CAR
Adam Gaudette,R,R,81,19,7,26,12,90,21.1,OTT
Alex Newhook,L,C,82,15,11,26,24,118,12.7,MTL
Filip Chytil,L,C,56,13,13,26,18,133,9.8,"NYR,VAN"
Frank Nazar,R,C,53,12,14,26,24,91,13.2,CHI
Ryan Hartman,R,R,69,11,15,26,75,158,7,MIN
Jordan Eberle,R,R,42,9,17,26,14,66,13.6,SEA
Dante Fabbro,R,D,68,9,17,26,40,89,10.1,"NSH,CBJ"
Teddy Blueger,L,C,82,8,18,26,39,94,8.5,VAN
Esa Lindell,L,D,80,5,21,26,14,99,5.1,DAL
Anthony Beauvillier,L,L,81,15,10,25,14,149,10.1,"PIT,WSH"
Joel Farabee,L,L,81,11,14,25,34,151,7.3,"PHI,CGY"
Mavrik Bourque,R,C,73,11,14,25,8,80,13.8,DAL
Drew O'Connor,L,L,84,10,15,25,34,117,8.6,"PIT,VAN"
Alex Turcotte,L,C,68,9,16,25,20,79,11.4,LAK
Nils Hoglander,L,L,72,8,17,25,30,83,9.6,VAN
Brett Kulak,L,D,82,7,18,25,18,135,5.2,EDM
Damon Severson,R,D,70,6,19,25,47,91,6.6,CBJ
Sam Steel,L,C,79,6,19,25,31,89,6.7,DAL
Miro Heiskanen,L,D,50,5,20,25,10,108,4.6,DAL
Martin Fehérváry,L,D,81,5,20,25,25,76,6.6,WSH
Ryker Evans,L,D,73,5,20,25,30,59,8.5,SEA
Martin Pospisil,L,C,81,4,21,25,84,114,3.5,CGY
Alexandre Carrier,R,D,79,3,22,25,40,82,3.7,"NSH,MTL"
Jiri Kulich,L,C,62,15,9,24,18,134,11.2,BUF
Jonatan Berggren,L,R,75,12,12,24,14,88,13.6,DET
Philip Tomasino,R,R,61,11,13,24,8,104,10.6,"NSH,PIT"
Eetu Luostarinen,L,C,80,9,15,24,28,87,10.3,FLA
Vasily Podkolzin,L,R,82,8,16,24,48,114,7,EDM
Tyler Myers,R,D,71,6,18,24,74,87,6.9,VAN
Mikey Anderson,L,D,77,6,18,24,28,84,7.1,LAK
Cody Ceci,R,D,85,4,20,24,24,90,4.4,"SJS,DAL"
Matt Roy,R,D,69,3,21,24,25,84,3.6,WSH
Samuel Girard,L,D,73,3,21,24,14,95,3.2,COL
Joel Kiviranta,L,L,79,16,7,23,20,84,19.1,COL
Kevin Hayes,L,R,64,13,10,23,8,98,13.3,PIT
Jesper Boqvist,L,C,78,12,11,23,14,87,13.8,FLA
Andrew Copp,L,C,56,10,13,23,8,68,14.7,DET
Charlie McAvoy,R,D,50,7,16,23,46,98,7.1,BOS
Ryan Pulock,R,D,74,5,18,23,16,97,5.2,NYI
Jake McCabe,L,D,66,2,21,23,40,74,2.7,TOR
Paul Cotter,L,L,79,16,6,22,62,90,17.8,NJD
Nicholas Robertson,L,L,69,15,7,22,16,112,13.4,TOR
Thomas Novak,L,C,54,13,9,22,4,92,14.1,"NSH,PIT"
Justin Brazeau,R,R,76,11,11,22,18,89,12.4,"BOS,MIN"
Lars Eller,L,C,80,10,12,22,36,104,9.6,"PIT,WSH"
Mason Appleton,R,C,71,10,12,22,22,107,9.4,WPG
Brandon Tanev,L,L,79,10,12,22,16,99,10.1,"SEA,WPG"
Kirby Dach,R,C,57,10,12,22,40,84,11.9,MTL
Lukas Reichel,L,L,70,8,14,22,12,72,11.1,CHI
Niko Mikkola,L,D,76,6,16,22,70,116,5.2,FLA
Cody Glass,R,C,65,6,16,22,16,91,6.6,"PIT,NJD"
Nikita Zadorov,L,D,81,4,18,22,145,105,3.8,BOS
Ryan Lindgren,L,D,72,4,18,22,40,63,6.4,"NYR,COL"
Brian Dumoulin,L,D,80,3,19,22,14,69,4.4,"ANA,NJD"
Erik Haula,L,L,69,11,10,21,39,110,10,NJD
Michael Rasmussen,L,C,77,11,10,21,24,99,11.1,DET
Garnet Hathaway,R,R,67,10,11,21,58,80,12.5,PHI
Logan O'Connor,R,R,80,10,11,21,26,89,11.2,COL
Tyler Seguin,R,C,20,9,12,21,4,46,19.6,DAL
Brandon Duhaime,L,R,82,9,12,21,98,83,10.8,WSH
Justin Danforth,R,R,61,9,12,21,18,94,9.6,CBJ
Jake Middleton,L,D,67,8,13,21,40,97,8.3,MIN
Colton Sissons,R,C,72,7,14,21,22,80,8.8,NSH
Braden Schneider,R,D,80,6,15,21,18,95,6.3,NYR
Nick Jensen,R,D,71,3,18,21,6,77,3.9,OTT
Erik Cernak,R,D,76,3,18,21,50,64,4.7,TBL
Trevor van Riemsdyk,R,D,82,1,20,21,34,80,1.3,WSH
Adam Pelech,L,D,60,0,21,21,32,109,0,NYI
Blake Lizotte,L,C,59,11,9,20,26,51,21.6,PIT
Gage Goncalves,L,C,60,8,12,20,14,61,13.1,TBL
Nikolai Kovalenko,L,R,57,7,13,20,16,45,15.6,"COL,SJS"
Jamie Drysdale,R,D,70,7,13,20,22,63,11.1,PHI
Olen Zellweger,L,D,62,7,13,20,20,130,5.4,ANA
Sam Carrick,R,C,80,6,14,20,58,84,7.1,NYR
Joel Edmundson,L,D,73,6,14,20,22,91,6.6,LAK
Oskar Sundqvist,R,C,67,6,14,20,32,60,10,STL
Mathew Barzal,R,C,30,6,14,20,4,78,7.7,NYI
Dylan Samberg,L,D,60,6,14,20,26,95,6.3,WPG
Brayden McNabb,L,D,82,5,15,20,32,97,5.2,VGK
Jonas Brodin,L,D,50,4,16,20,18,71,5.6,MIN
Alexander Romanov,L,D,64,4,16,20,20,100,4,NYI
Nick Seeler,L,D,77,3,17,20,36,82,3.7,PHI
Kevin Bahl,L,D,73,3,17,20,35,82,3.7,CGY
Jonny Brodzinski,R,C,51,12,7,19,4,73,16.4,NYR
Nick Bjugstad,R,C,66,8,11,19,16,115,7,UTA
Steven Lorentz,L,C,80,8,11,19,9,76,10.5,TOR
Parker Kelly,L,C,80,8,11,19,29,99,8.1,COL
Boone Jenner,L,C,26,7,12,19,4,70,10,CBJ
Michael Carcone,L,L,53,7,12,19,36,75,9.3,UTA
Pontus Holmberg,L,R,68,7,12,19,27,68,10.3,TOR
Jakob Pelletier,L,L,49,7,12,19,10,54,13,"CGY,PHI"
Josh Doan,R,R,51,7,12,19,8,88,8,UTA
Nick Perbix,R,D,74,6,13,19,20,66,9.1,TBL
Patrick Maroon,L,L,68,5,14,19,97,73,6.9,CHI
Nate Schmidt,L,D,80,5,14,19,30,70,7.1,FLA
Pavel Mintyukov,L,D,68,5,14,19,20,69,7.3,ANA
Rasmus Ristolainen,R,D,63,4,15,19,14,100,4,PHI
Tony DeAngelo,R,D,35,4,15,19,10,76,5.3,NYI
Dylan DeMelo,R,D,82,3,16,19,38,75,4,WPG
Connor Murphy,R,D,68,2,17,19,52,84,2.4,CHI
Emil Lilleberg,L,D,76,1,18,19,105,46,2.2,TBL
Lawson Crouse,L,L,81,12,6,18,39,126,9.5,UTA
Mitchell Chaffee,R,R,66,12,6,18,21,68,17.7,TBL
Luke Kunin,R,C,75,11,7,18,55,112,9.8,"SJS,CBJ"
Emil Heineman,L,L,62,10,8,18,20,64,15.6,MTL
Craig Smith,R,C,59,9,9,18,34,90,10,"CHI,DET"
Jack Drury,L,C,72,8,10,18,22,93,8.6,"CAR,COL"
Matias Maccelli,L,L,55,8,10,18,8,86,9.3,UTA
Jalen Chatfield,R,D,79,7,11,18,54,114,6.1,CAR
Kaiden Guhle,L,D,55,6,12,18,47,71,8.5,MTL
Alexey Toropchenko,L,R,80,4,14,18,25,90,4.4,STL
Uvis Balinskis,L,D,76,4,14,18,27,92,4.4,FLA
Chris Tanev,R,D,75,3,15,18,24,43,7,TOR
Olli Määttä,L,D,77,2,16,18,16,73,2.7,"DET,UTA"
Erik Gustafsson,L,D,60,2,16,18,20,67,3,DET
Mattias Janmark,L,C,80,2,16,18,22,51,3.9,EDM
Mark Jankowski,L,L,60,12,5,17,33,66,18.2,"NSH,CAR"
Cole Koepke,L,L,73,10,7,17,17,85,11.8,BOS
Joseph Veleno,L,C,74,8,9,17,17,75,10.7,"DET,CHI"
Fedor Svechkov,L,C,52,8,9,17,14,64,12.5,NSH
Tomas Tatar,L,L,74,7,10,17,20,66,10.6,NJD
Casey Cizikas,L,C,82,7,10,17,51,97,7.2,NYI
Colin Blackwell,R,C,63,6,11,17,16,63,9.5,DAL
Sean Kuraly,L,C,82,6,11,17,40,88,6.8,CBJ
A.J. Greer,L,L,81,6,11,17,130,86,7,FLA
Zach Aston-Reese,L,C,79,6,11,17,27,101,5.9,CBJ
Timothy Liljegren,R,D,68,6,11,17,38,102,5.9,"TOR,SJS"
Mario Ferraro,L,D,78,5,12,17,53,79,6.3,SJS
Brett Leason,R,R,62,5,12,17,22,79,6.3,ANA
Drew Doughty,R,D,30,4,13,17,20,46,8.7,LAK
Jamie Oleksiak,L,D,82,4,13,17,34,66,6.1,SEA
Cam York,L,D,66,4,13,17,26,65,6.2,PHI
Brett Pesce,R,D,72,3,14,17,29,99,3,NJD
Ian Cole,L,D,82,1,16,17,77,66,1.5,UTA
Andrew Peeke,R,D,76,1,16,17,15,80,1.3,BOS
Johnathan Kovacevic,R,D,81,1,16,17,72,76,1.3,NJD
David Perron,R,L,43,9,7,16,12,71,12.7,OTT
Michael Eyssimont,L,C,77,9,7,16,63,142,6.3,"TBL,SEA"
Nathan Walker,L,L,73,8,8,16,63,72,11.1,STL
Robby Fabbri,L,C,44,8,8,16,20,65,12.3,ANA
Jason Dickinson,L,C,59,7,9,16,38,56,12.5,CHI
Juuso Parssinen,L,C,48,6,10,16,19,30,20,"NSH,COL,NYR"
Sean Walker,R,D,82,5,11,16,46,144,3.5,CAR
Zach Bogosian,R,D,81,4,12,16,43,79,5.1,MIN
Oskar Bäck,L,C,73,4,12,16,8,44,9.1,DAL
Nick Blankenburg,R,D,60,4,12,16,24,84,4.8,NSH
Brenden Dillon,L,D,82,2,14,16,67,48,4.2,NJD
Urho Vaakanainen,L,D,51,2,14,16,18,42,4.8,"ANA,NYR"
Radko Gudas,R,D,81,1,15,16,86,89,1.1,ANA
Connor Clifton,R,D,73,1,15,16,45,63,1.6,BUF
Pierre Engvall,L,L,62,8,7,15,16,93,8.6,NYI
Trent Frederic,L,C,58,8,7,15,44,78,10.3,"BOS,EDM"
Morgan Barron,L,C,74,8,7,15,16,92,8.7,WPG
Yakov Trenin,L,C,76,7,8,15,54,85,8.2,MIN
Yegor Chinakhov,L,R,30,7,8,15,4,68,10.3,CBJ
Nick Cousins,L,C,50,6,9,15,41,68,8.8,OTT
Radek Faksa,L,C,70,5,10,15,30,68,7.4,STL
Will Borgen,R,D,84,5,10,15,42,81,6.2,"SEA,NYR"
Zachary L'Heureux,L,L,62,5,10,15,63,78,6.4,NSH
Sam Malinski,R,D,76,5,10,15,16,115,4.4,COL
Colin Miller,R,D,60,4,11,15,38,68,5.9,WPG
Isac Lundestrom,L,C,79,4,11,15,10,60,6.7,ANA
Conor Timmins,R,D,68,3,12,15,30,69,4.4,"TOR,PIT"
Egor Zamula,L,D,63,3,12,15,6,37,8.1,PHI
Ryan Suter,L,D,82,2,13,15,24,62,3.2,STL
David Savard,R,D,75,1,14,15,36,48,2.1,MTL
Josh Manson,R,D,48,1,14,15,28,65,1.5,COL
Jakub Vrana,L,L,39,9,5,14,10,47,19.2,"WSH,NSH"
Conor Geekie,L,C,52,8,6,14,16,60,13.3,TBL
Dakota Joshua,L,C,57,7,7,14,38,52,13.5,VAN
Philipp Kurashev,L,C,51,7,7,14,14,54,13,CHI
Nico Sturm,L,C,62,7,7,14,20,59,11.9,"SJS,FLA"
Kasperi Kapanen,R,R,67,6,8,14,16,66,9.1,"STL,EDM"
Michael McCarron,R,C,74,5,9,14,102,80,6.3,NSH
Mark Kastelic,R,C,61,5,9,14,106,67,7.5,BOS
Mathieu Joseph,L,R,60,4,10,14,28,69,5.8,STL
Mattias Samuelsson,L,D,62,4,10,14,22,52,7.7,BUF
Adam Boqvist,R,D,35,4,10,14,10,40,10,"FLA,NYI"
J.J. Moser,L,D,54,2,12,14,22,48,4.2,TBL
Jacob Trouba,R,D,77,1,13,14,66,111,0.9,"NYR,ANA"
John Marino,R,D,35,1,13,14,2,30,3.3,UTA
Logan Stanley,L,D,63,1,13,14,78,49,2,WPG
Ilya Lyubushkin,R,D,80,1,13,14,32,51,2,DAL
Tanner Jeannot,L,L,67,7,6,13,89,56,12.5,LAK
Tye Kartye,L,L,63,6,7,13,43,56,10.7,SEA
Justin Barron,R,D,62,6,7,13,23,73,8.2,"MTL,NSH"
Max Pacioretty,L,L,37,5,8,13,16,70,7.1,TOR
David Kampf,L,C,59,5,8,13,14,45,11.1,TOR
Dmitry Kulikov,L,D,70,4,9,13,38,64,6.3,FLA
Ben Chiarot,L,D,81,4,9,13,69,109,3.7,DET
Carson Soucy,L,D,75,4,9,13,46,81,4.9,"VAN,NYR"
Zach Whitecloud,R,D,74,4,9,13,37,72,5.6,VGK
Drew Helleson,R,D,56,4,9,13,47,63,6.4,ANA
Denton Mateychuk,L,D,45,4,9,13,20,44,9.1,CBJ
Ryan Lomberg,L,L,80,3,10,13,57,66,4.6,CGY
Ty Emberson,R,D,76,2,11,13,18,62,3.2,EDM
Jayden Struble,L,D,56,2,11,13,52,47,4.3,MTL
Artem Zub,R,D,56,2,11,13,34,57,3.5,OTT
Sam Colangelo,R,R,32,10,2,12,2,41,24.4,ANA
Trevor Lewis,R,C,60,6,6,12,20,53,11.3,LAK
Alec Martinez,L,D,44,5,7,12,8,38,13.2,CHI
Noel Acciari,R,C,79,5,7,12,16,75,6.7,PIT
Nicolas Hague,L,D,68,5,7,12,40,74,6.8,VGK
Marat Khusnutdinov,L,C,75,5,7,12,20,41,12.2,"MIN,BOS"
Cole Smith,L,R,71,4,8,12,69,69,5.8,NSH
Alexander Holtz,R,R,53,4,8,12,10,69,5.8,VGK
Brayden Pachal,R,D,76,3,9,12,88,61,4.9,CGY
Kevin Labanc,R,R,34,2,10,12,12,35,5.7,CBJ
Declan Chisholm,L,D,66,2,10,12,10,69,2.9,MIN
Henry Thrun,L,D,60,2,10,12,30,52,3.9,SJS
Brandon Carlo,R,D,83,1,11,12,37,77,1.3,"BOS,TOR"
Anthony Duclair,L,L,44,7,4,11,10,60,11.7,NYI
Aatu Raty,L,C,33,7,4,11,14,34,20.6,VAN
Alexandre Texier,L,L,31,6,5,11,10,50,12,STL
Jakub Lauko,L,C,56,5,6,11,47,42,11.9,"MIN,BOS"
Collin Graf,R,R,33,5,6,11,8,40,12.5,SJS
William Carrier,L,L,43,4,7,11,16,48,8.3,CAR
Sean Durzi,R,D,30,4,7,11,19,39,10.3,UTA
Kyle MacLean,L,C,81,4,7,11,14,61,6.6,NYI
Elmer Soderblom,L,L,26,4,7,11,6,38,10.5,DET
John Beecher,L,C,78,3,8,11,26,44,6.8,BOS
Derek Forbort,L,D,54,2,9,11,45,39,5.1,VAN
Zachary Jones,L,D,46,1,10,11,24,51,2,NYR
Matthew Poitras,R,C,33,1,10,11,8,29,3.5,BOS
Brett Berard,L,L,35,6,4,10,8,59,10.2,NYR
Adam Klapka,R,R,31,6,4,10,29,44,13.6,CGY
Vincent Hinostroza,R,C,38,5,5,10,10,48,10.4,"NSH,MIN"
Kevin Rooney,L,C,70,5,5,10,14,54,9.3,CGY
Jordan Oesterle,L,D,37,4,6,10,4,38,10.5,"BOS,NSH"
Jesse Puljujarvi,R,R,31,4,6,10,25,50,8,"PIT,FLA"
Beck Malenstyn,L,L,76,4,6,10,29,67,6,BUF
Nathan Bastian,R,R,59,4,6,10,31,44,9.1,NJD
Connor Dewar,L,C,48,4,6,10,14,55,7.3,"TOR,PIT"
Tyler Kleven,L,D,79,4,6,10,27,78,5.1,OTT
Jack Thompson,R,D,31,4,6,10,10,41,9.8,SJS
Dennis Cholowski,L,D,39,3,7,10,10,30,10,"NYI,NJD"
Henri Jokiharju,R,D,60,3,7,10,14,59,5.1,"BUF,BOS"
TJ Brodie,L,D,54,2,8,10,18,23,8.7,CHI
Mathew Dumba,R,D,63,1,9,10,60,57,1.8,DAL
Simon Benoit,L,D,78,1,9,10,59,48,2.1,TOR
Kaedan Korczak,R,D,40,0,10,10,2,34,0,VGK
Marc Gatcomb,R,C,39,8,1,9,11,41,19.5,NYI
Adam Edstrom,L,C,51,5,4,9,27,40,12.5,NYR
Cam Atkinson,R,R,39,4,5,9,11,47,8.5,TBL
Tyler Motte,L,C,55,4,5,9,6,66,6.1,DET
Tyson Jost,L,C,39,4,5,9,33,44,9.1,CAR
Lian Bichsel,L,D,38,4,5,9,41,39,10.3,DAL
Scott Mayfield,R,D,66,3,6,9,27,51,5.9,NYI
Carl Grundstrom,L,R,56,3,6,9,24,88,3.4,SJS
Jan Rutta,R,D,54,3,6,9,28,55,5.5,SJS
Albert Johansson,L,D,61,3,6,9,30,48,6.3,DET
Joel Hanley,L,D,53,2,7,9,21,42,4.8,CGY
Jonas Siegenthaler,L,D,55,2,7,9,44,52,3.9,NJD
Scott Perunovich,L,D,35,2,7,9,10,18,11.1,"STL,NYI"
Marc Del Gaizo,L,D,46,2,7,9,21,76,2.6,NSH
Shakir Mukhamadullin,L,D,30,2,7,9,8,30,6.7,SJS
Daniil Miromanov,R,D,44,2,7,9,12,52,3.9,CGY
Tomas Nosek,L,L,59,1,8,9,10,47,2.1,FLA
Josh Mahura,L,D,64,0,9,9,20,58,0,SEA
Barclay Goodrow,L,C,77,5,3,8,75,73,6.9,SJS
Jimmy Vesey,L,L,43,5,3,8,0,36,13.9,"NYR,COL"
Rasmus Kupari,R,C,59,5,3,8,16,53,9.4,WPG
Ivan Ivan,L,C,40,5,3,8,8,34,14.7,COL
Brock McGinn,L,L,26,4,4,8,0,30,13.3,ANA
Miles Wood,L,L,37,4,4,8,48,60,6.7,COL
Wyatt Kaiser,L,D,57,4,4,8,14,66,6.1,CHI
Seamus Casey,R,D,14,4,4,8,0,12,33.3,NJD
Jordan Greenway,L,L,34,3,5,8,45,36,8.3,BUF
Erik Brannstrom,L,D,28,3,5,8,17,33,9.1,VAN
Matt Rempe,R,C,42,3,5,8,67,30,10,NYR
Justin Holl,R,D,73,2,6,8,16,41,4.9,DET
Justin Kirkland,L,C,21,2,6,8,11,9,22.2,CGY
Jacob Bernard-Docker,R,D,40,2,6,8,17,32,6.3,"OTT,BUF"
Luca Del Bel Belluz,L,C,15,2,6,8,0,18,11.1,CBJ
Victor Mancini,R,D,31,2,6,8,10,27,7.4,"NYR,VAN"
Jeff Petry,R,D,44,1,7,8,16,33,3,DET
Jacob Moverare,L,D,49,1,7,8,10,30,3.3,LAK
Ty Dellandrea,R,C,68,1,7,8,59,50,2,SJS
Jake Christiansen,L,D,68,1,7,8,11,58,1.7,CBJ
Cole Schwindt,R,R,42,1,7,8,0,32,3.1,VGK
Nolan Allan,L,D,43,1,7,8,16,17,5.9,CHI
Calvin de Haan,L,D,47,0,8,8,12,51,0,"COL,NYR"
Hendrix Lapierre,L,C,27,0,8,8,4,18,0,WSH
Luke Glendening,R,C,77,4,3,7,10,51,7.8,TBL
Anthony Mantha,L,R,13,4,3,7,11,15,26.7,CGY
Sam Lafferty,R,C,60,4,3,7,28,50,8,BUF
Noah Gregor,L,L,52,4,3,7,28,60,6.7,"OTT,SJS"
Mikael Pyyhtia,L,L,47,4,3,7,6,32,12.5,CBJ
Samuel Helenius,L,C,50,4,3,7,25,29,13.8,LAK
Ethen Frank,R,C,24,4,3,7,6,23,17.4,WSH
Hampus Lindholm,L,D,17,3,4,7,4,35,8.6,BOS
Troy Stecher,R,D,66,3,4,7,27,55,5.5,EDM
Tyler Tucker,L,D,38,3,4,7,55,33,9.1,STL
Max Sasson,L,C,29,3,4,7,0,31,9.7,VAN
Justin Dowling,L,C,52,2,5,7,6,34,5.9,NJD
Daniel Sprong,R,R,30,2,5,7,2,55,3.6,"VAN,SEA,NJD"
Jake Bean,L,D,64,2,5,7,8,71,2.8,CGY
Vladislav Kolyachonok,L,D,35,2,5,7,10,20,10,"UTA,PIT"
Colton Dach,L,C,25,2,5,7,17,27,7.4,CHI
Luke Schenn,R,D,76,1,6,7,45,77,1.3,"NSH,WPG"
Travis Hamonic,R,D,59,1,6,7,19,72,1.4,OTT
Calle Jarnkrok,R,C,19,1,6,7,4,9,11.1,TOR
Christian Fischer,R,R,46,1,6,7,11,31,3.2,"DET,CBJ"
Parker Wotherspoon,L,D,55,1,6,7,10,44,2.3,BOS
Klim Kostin,L,C,35,1,6,7,27,28,3.6,SJS
Emil Andrae,L,D,42,1,6,7,16,52,1.9,PHI
Haydn Fleury,L,D,39,0,7,7,6,38,0,WPG
Jacob Bryson,L,D,48,0,7,7,10,20,0,BUF
Ville Koivunen,L,R,8,0,7,7,4,15,0,PIT
Nikita Nesterenko,L,C,20,4,2,6,2,20,20,ANA
Oliver Wahlstrom,R,R,43,3,3,6,37,54,5.6,"NYI,BOS"
Linus Karlsson,R,C,23,3,3,6,6,28,10.7,VAN
Jonathan Lekkerimäki,R,R,24,3,3,6,2,30,10,VAN
Jani Nyman,L,R,12,3,3,6,4,22,13.6,SEA
Jon Merrill,L,D,70,2,4,6,20,47,4.3,MIN
Zemgus Girgensons,L,C,82,2,4,6,47,83,2.4,TBL
Matthew Highmore,L,C,41,2,4,6,10,33,6.1,OTT
Anthony Richard,L,C,15,2,4,6,0,19,10.5,PHI
Jansen Harkins,L,C,62,2,4,6,21,49,4.1,ANA
David Gustafsson,L,C,36,2,4,6,7,30,6.7,WPG
Landon Slaggert,L,L,33,2,4,6,23,34,5.9,CHI
Ethan Del Mastro,L,D,24,2,4,6,6,19,10.5,CHI
Brendan Smith,L,D,32,1,5,6,33,27,3.7,DAL
Phillip Di Giuseppe,L,L,20,1,5,6,4,23,4.4,VAN
Derek Ryan,R,C,36,1,5,6,12,20,5,EDM
Nick DeSimone,R,D,20,1,5,6,0,24,4.2,UTA
Nils Aman,L,C,19,1,5,6,2,8,12.5,VAN
Scott Morrow,R,D,14,1,5,6,0,23,4.4,CAR
Arber Xhekaj,L,D,70,1,5,6,118,69,1.5,MTL
Jack Johnson,L,D,41,0,6,6,2,23,0,CBJ
Dennis Gilbert,L,D,29,0,6,6,50,9,0,"BUF,OTT"
Artyom Levshunov,R,D,18,0,6,6,8,21,0,CHI
Vinni Lettieri,R,C,26,3,2,5,6,52,5.8,BOS
Tyson Kozak,L,C,21,3,2,5,2,11,27.3,BUF
Fraser Minten,L,C,21,3,2,5,2,24,12.5,"TOR,BOS"
Erik Johnson,R,D,36,2,3,5,15,37,5.4,"PHI,COL"
Nick Leddy,L,D,31,2,3,5,2,21,9.5,STL
Curtis Lazar,R,C,48,2,3,5,14,27,7.4,NJD
Ryan Shea,L,D,39,2,3,5,14,19,10.5,PIT
Rodrigo Abols,L,C,22,2,3,5,4,25,8,PHI
Philippe Myers,R,D,36,2,3,5,15,46,4.4,TOR
Juuso Välimäki,L,D,43,2,3,5,14,40,5,UTA
Liam Ohgren,L,L,24,2,3,5,2,32,6.3,MIN
Devin Shore,L,C,55,1,4,5,6,41,2.4,MIN
Oliver Kylington,L,D,19,1,4,5,8,6,16.7,"COL,ANA"
Jordan Harris,L,D,33,1,4,5,6,15,6.7,CBJ
Adam Wilsby,L,D,23,1,4,5,6,33,3,NSH
Isaiah George,L,D,33,1,4,5,6,26,3.9,NYI
Olle Lycksell,L,R,19,0,5,5,2,10,0,PHI
Nils Lundkvist,R,D,39,0,5,5,20,52,0,DAL
Sam Rinzel,R,D,9,0,5,5,0,22,0,CHI
Jonah Gadjovich,L,L,42,4,0,4,60,43,9.3,FLA
Arthur Kaliyev,L,R,14,3,1,4,2,21,14.3,NYR
Louis Crevier,R,D,32,3,1,4,10,28,10.7,CHI
Hudson Fasching,R,R,43,2,2,4,6,51,3.9,NYI
Kieffer Bellows,L,L,19,2,2,4,6,28,7.1,NSH
Logan Mailloux,R,D,7,2,2,4,6,10,20,MTL
Simon Nemec,R,D,27,2,2,4,14,26,7.7,NJD
John Klingberg,R,D,11,1,3,4,8,19,5.3,EDM
Ryan Graves,L,D,61,1,3,4,29,39,2.6,PIT
Ross Johnston,L,L,43,1,3,4,72,9,11.1,ANA
Lucas Carlsson,L,D,13,1,3,4,14,15,6.7,SJS
Zack Ostapchuk,L,C,56,1,3,4,45,26,3.9,"OTT,SJS"
Ivan Miroshnichenko,R,L,18,1,3,4,0,14,7.1,WSH
Jimmy Snuggerud,R,R,7,1,3,4,0,10,10,STL
Nikolas Matinpalo,R,D,41,1,3,4,20,43,2.3,OTT
Erik Gudbranson,R,D,16,0,4,4,6,12,0,CBJ
Rory Kerins,L,C,5,0,4,4,0,3,0,CGY
Oliver Moore,L,C,9,0,4,4,4,10,0,CHI
Juha Jaaska,L,L,18,0,4,4,9,11,0,CAR
Austin Watson,R,L,13,3,0,3,17,13,23.1,DET
Nicolas Deslauriers,L,L,31,2,1,3,15,25,8,PHI
Zack MacEwen,R,R,21,2,1,3,21,26,7.7,OTT
Kailer Yamamoto,R,R,12,2,1,3,2,13,15.4,UTA
Valtteri Puustinen,R,R,13,2,1,3,4,8,25,PIT
Walker Duehr,R,R,24,2,1,3,0,15,13.3,"CGY,SJS"
Nikita Chibrikov,L,R,4,2,1,3,0,6,33.3,WPG
Marc McLaughlin,R,C,14,2,1,3,0,13,15.4,"BOS,NJD"
Cam Lund,R,C,11,2,1,3,4,12,16.7,SJS
Marc-Edouard Vlasic,L,D,27,1,2,3,2,20,5,SJS
Tyson Barrie,R,D,13,1,2,3,4,19,5.3,CGY
Matt Nieto,L,L,32,1,2,3,4,31,3.2,PIT
Andreas Englund,L,D,35,1,2,3,48,17,5.9,"LAK,NSH"
Mitchell Stephens,R,C,28,1,2,3,6,19,5.3,SEA
Akil Thomas,R,C,25,1,2,3,7,20,5,LAK
Andre Lee,L,L,19,1,2,3,11,18,5.6,LAK
Fabian Lysell,R,R,12,1,2,3,6,21,4.8,BOS
David Jiricek,R,D,12,1,2,3,6,9,11.1,"CBJ,MIN"
Maveric Lamoureux,R,D,15,1,2,3,42,17,5.9,UTA
Rutger McGroarty,L,R,8,1,2,3,0,11,9.1,PIT
Owen Pickering,L,D,25,1,2,3,6,15,6.7,PIT
Elias Pettersson,L,D,28,1,2,3,17,19,5.3,VAN
Kyle Burroughs,R,D,33,0,3,3,39,6,0,LAK
Dryden Hunt,L,L,5,0,3,3,0,5,0,CGY
Vincent Desharnais,R,D,51,0,3,3,45,28,0,"VAN,PIT,SJS"
Pierre-Olivier Joseph,L,D,47,0,3,3,45,42,0,"STL,PIT"
Spencer Stastney,L,D,23,0,3,3,4,15,0,NSH
Matthew Kessel,R,D,29,0,3,3,10,17,0,STL
Joshua Roy,L,R,12,2,0,2,2,14,14.3,MTL
Michael Sgarbossa,L,C,3,1,1,2,2,1,100,WSH
John Hayden,R,C,20,1,1,2,31,20,5,SEA
Nicolas Aube-Kubel,R,R,22,1,1,2,19,18,5.6,"BUF,NYR"
Max Jones,L,L,26,1,1,2,18,17,5.9,"BOS,EDM"
Ty Smith,L,D,8,1,1,2,4,14,7.1,CAR
Cole Reinhardt,L,L,17,1,1,2,15,13,7.7,OTT
Alex Steeves,L,C,7,1,1,2,0,7,14.3,TOR
Justin Robidas,R,C,2,1,1,2,0,3,33.3,CAR
Kevin Korchinski,L,D,16,1,1,2,8,14,7.1,CHI
Ivan Demidov,L,R,2,1,1,2,0,5,20,MTL
Ryan Reaves,R,R,35,0,2,2,28,14,0,TOR
Robert Bortuzzo,R,D,17,0,2,2,22,8,0,UTA
Matt Martin,L,L,32,0,2,2,10,17,0,NYI
Tyler Johnson,R,C,9,0,2,2,10,6,0,BOS
Dylan McIlrath,R,D,17,0,2,2,28,10,0,WSH
Mike Reilly,L,D,18,0,2,2,2,31,0,NYI
Ben Hutton,L,D,11,0,2,2,0,11,0,VGK
Liam O'Brien,L,C,28,0,2,2,50,34,0,UTA
Keaton Middleton,L,D,41,0,2,2,28,44,0,COL
Grant Hutton,R,D,13,0,2,2,4,10,0,NYI
John Ludvig,L,D,8,0,2,2,6,9,0,COL
Noah Philp,R,C,15,0,2,2,2,17,0,EDM
Brennan Othmann,L,L,22,0,2,2,2,20,0,NYR
Oliver Kapanen,R,C,18,0,2,2,2,16,0,MTL
Luca Cagnoni,L,D,6,0,2,2,8,7,0,SJS
Chris Wagner,R,R,28,1,0,1,14,29,3.5,COL
Andreas Athanasiou,L,C,8,1,0,1,0,8,12.5,CHI
Clark Bishop,L,C,6,1,0,1,0,4,25,CGY
Bokondji Imama,L,L,16,1,0,1,30,10,10,PIT
Joona Koppanen,L,L,11,1,0,1,0,10,10,PIT
Tanner Laczynski,R,C,8,1,0,1,6,2,50,VGK
Skyler Brind'Amour,L,C,2,1,0,1,2,1,100,CAR
Patrick Giles,R,R,17,1,0,1,0,15,6.7,"FLA,SJS"
Michael Callahan,L,D,17,1,0,1,7,9,11.1,BOS
John Farinacci,R,C,1,1,0,1,0,1,100,BOS
Mat?j  Blümel,L,R,7,1,0,1,0,10,10,DAL
Justin Sourdif,R,R,1,1,0,1,0,2,50,FLA
Isaak Phillips,L,D,3,1,0,1,0,3,33.3,CHI
Ethan Cardwell,R,R,6,1,0,1,2,5,20,SJS
Callahan Burke,R,C,7,1,0,1,2,12,8.3,VGK
Dylan Duke,L,L,2,1,0,1,0,1,100,TBL
Arshdeep Bains,L,L,13,1,0,1,0,8,12.5,VAN
Declan Carlile,L,D,3,1,0,1,0,3,33.3,TBL
Taylor Ward,R,R,1,1,0,1,0,4,25,LAK
Lucas Condotta,L,L,7,1,0,1,0,5,20,MTL
Wyatt Aamodt,L,D,2,1,0,1,0,3,33.3,COL
Parker Ford,R,C,3,1,0,1,2,2,50,WPG
Ryan Leonard,R,R,9,1,0,1,11,17,5.9,WSH
Calum Ritchie,R,C,7,1,0,1,0,11,9.1,COL
Zayne Parekh,R,D,1,1,0,1,2,2,50,CGY
Sam Morton,L,C,1,1,0,1,0,1,100,CGY
Kevin Gravel,L,D,6,0,1,1,0,6,0,NSH
T.J. Tynan,R,C,9,0,1,1,4,5,0,COL
Joseph LaBate,L,C,6,0,1,1,10,3,0,CBJ
Brendan Gaunce,L,C,12,0,1,1,4,11,0,MIN
Chad Ruhwedel,R,D,5,0,1,1,0,1,0,NYR
Joshua Brown,R,D,10,0,1,1,11,9,0,EDM
Dakota Mermis,L,D,4,0,1,1,2,6,0,"UTA,TOR"
Patrick Brown,R,C,15,0,1,1,8,11,0,BOS
William Lagesson,L,D,7,0,1,1,4,5,0,DET
Jeremy Lauzon,L,D,28,0,1,1,37,25,0,NSH
Andrew Poturalski,R,C,3,0,1,1,2,5,0,SJS
Joey Anderson,R,R,18,0,1,1,0,17,0,CHI
Drake Caggiula,L,L,7,0,1,1,5,6,0,EDM
Dominik Shine,R,R,9,0,1,1,15,5,0,DET
Cale Fleury,R,D,14,0,1,1,0,16,0,SEA
Jaret Anderson-Dolan,L,C,7,0,1,1,4,8,0,WPG
Ian Mitchell,R,D,15,0,1,1,2,10,0,BOS
Emil Bemstrom,R,C,14,0,1,1,0,13,0,PIT
Jack St. Ivany,R,D,19,0,1,1,17,12,0,PIT
Angus Crookshank,L,C,8,0,1,1,0,9,0,OTT
Nolan Foote,L,L,7,0,1,1,0,5,0,NJD
Ville Heinola,L,D,18,0,1,1,4,12,0,WPG
Sam Poulin,L,R,7,0,1,1,2,3,0,PIT
Danil Gushchin,L,L,12,0,1,1,6,16,0,SJS
Ozzy Wiesblatt,R,C,5,0,1,1,0,4,0,NSH
Helge Grans,R,D,6,0,1,1,2,5,0,PHI
Ian Moore,R,D,3,0,1,1,0,4,0,ANA
Jeff Malott,L,L,12,0,1,1,7,13,0,LAK
Ilya Solovyov,L,D,5,0,1,1,2,6,0,CGY
Mike Hardman,L,L,2,0,1,1,0,2,0,NJD
Matt Kiersted,L,D,2,0,1,1,2,0,--,FLA
Ryan Winterton,R,C,12,0,1,1,2,15,0,SEA
Isak Rosen,L,R,8,0,1,1,0,8,0,BUF
Ville Ottavainen,R,D,1,0,1,1,0,1,0,SEA
Owen Beck,R,C,12,0,1,1,0,10,0,MTL
Brad Lambert,R,C,5,0,1,1,2,1,0,WPG
Matt Savoie,R,C,4,0,1,1,0,6,0,EDM
Georgii Merkulov,L,C,6,0,1,1,2,7,0,BOS
Bradly Nadeau,R,L,2,0,1,1,0,8,0,CAR
Matthew Wood,R,R,6,0,1,1,2,8,0,NSH
Justin Hryckowian,L,C,5,0,1,1,0,3,0,DAL
Arttu Hyry,R,R,5,0,1,1,0,5,0,DAL
Alexander Petrovic,R,D,5,0,0,0,4,5,0,DAL
Jani Hakanpää,R,D,2,0,0,0,0,2,0,TOR
Travis Boyd,R,C,3,0,0,0,0,0,--,MIN
Dominic Toninato,L,C,5,0,0,0,0,2,0,WPG
Matthew Benning,R,D,7,0,0,0,4,7,0,SJS
Jaycob Megna,L,D,8,0,0,0,2,5,0,FLA
Kurtis MacDermid,L,L,23,0,0,0,23,7,0,NJD
Scott Sabourin,R,R,1,0,0,0,0,0,--,SJS
Robert Hagg,L,D,2,0,0,0,0,0,--,VGK
Steven Santini,R,D,1,0,0,0,0,1,0,TBL
Conor Sheary,L,L,5,0,0,0,4,3,0,TBL
Sonny Milano,L,L,3,0,0,0,0,4,0,WSH
Mark Friedman,R,D,5,0,0,0,10,4,0,VAN
Hayden Hodgson,R,R,2,0,0,0,5,2,0,OTT
Colin White,R,C,3,0,0,0,0,1,0,SJS
Travis Dermott,L,D,19,0,0,0,2,8,0,"EDM,MIN"
Caleb Jones,L,D,6,0,0,0,2,6,0,LAK
Noah Juulsen,R,D,35,0,0,0,21,26,0,VAN
Guillaume Brisebois,L,D,3,0,0,0,0,2,0,VAN
Kyle Capobianco,L,D,1,0,0,0,4,0,--,DAL
Julien Gauthier,R,R,1,0,0,0,0,0,--,NYI
Rasmus Asplund,L,C,6,0,0,0,2,2,0,FLA
Cam Dineen,L,D,4,0,0,0,0,8,0,EDM
Riley Tufte,L,L,6,0,0,0,4,1,0,BOS
Givani Smith,L,R,13,0,0,0,18,5,0,"SJS,COL"
Riley Stillman,L,D,5,0,0,0,7,1,0,CAR
Brett Murray,L,L,3,0,0,0,0,0,--,BUF
Alexander Nylander,R,L,5,0,0,0,4,4,0,TOR
Michael Pezzetta,L,L,25,0,0,0,24,14,0,MTL
Nathan Clurman,R,D,1,0,0,0,2,4,0,PIT
Dylan Coghlan,R,D,6,0,0,0,4,9,0,WPG
Jeffrey Truchon-Viel,L,L,5,0,0,0,14,3,0,BOS
Alex Barré-Boulet,L,C,2,0,0,0,2,0,--,MTL
Tye Felhaber,L,L,5,0,0,0,0,2,0,COL
Jonas Rondbjerg,L,R,13,0,0,0,0,11,0,VGK
Shane Bowers,L,C,4,0,0,0,0,2,0,NJD
Cameron Crotty,R,D,1,0,0,0,0,0,--,MIN
Ben Jones,L,C,26,0,0,0,10,24,0,MIN
Alexander Alexeyev,L,D,8,0,0,0,0,7,0,WSH
Grigori Denisenko,R,L,1,0,0,0,2,0,--,VGK
Liam Foudy,L,C,2,0,0,0,0,1,0,NYI
Adam Ginning,L,D,1,0,0,0,0,0,--,PHI
Jan Jenik,L,C,2,0,0,0,0,0,--,OTT
Rafael Harvey-Pinard,L,L,1,0,0,0,0,0,--,MTL
Reese Johnson,R,C,3,0,0,0,0,1,0,MIN
Jake Lucchini,L,C,3,0,0,0,2,2,0,NSH
Corey Schueneman,L,D,4,0,0,0,0,4,0,STL
Mason Morelli,L,L,1,0,0,0,0,0,--,VGK
Jimmy Schuldt,L,D,8,0,0,0,0,4,0,SJS
Matthew Robertson,L,D,2,0,0,0,0,2,0,NYR
Raphael Lavoie,R,C,9,0,0,0,2,10,0,VGK
Daniil Misyul,L,D,1,0,0,0,0,0,--,NJD
Samuel Bolduc,L,D,1,0,0,0,0,0,--,NYI
Domenick Fensore,L,D,2,0,0,0,2,5,0,CAR
Ryan Johnson,L,D,3,0,0,0,4,3,0,BUF
Ryan Suzuki,L,C,2,0,0,0,0,0,--,CAR
Nathan Légaré,R,R,3,0,0,0,0,3,0,NJD
Tobias Bjornfot,L,D,14,0,0,0,2,10,0,FLA
Max Crozier,R,D,5,0,0,0,0,8,0,TBL
Matt Stienburg,R,C,8,0,0,0,22,4,0,COL
Jacob Gaucher,R,C,4,0,0,0,0,3,0,PHI
Connor Mackey,L,D,2,0,0,0,5,1,0,NYR
Jack Ahcan,L,D,2,0,0,0,2,1,0,COL
Jack Finley,R,C,1,0,0,0,0,1,0,TBL
Daemon Hunt,L,D,1,0,0,0,0,2,0,MIN
Vasily Ponomarev,L,C,7,0,0,0,2,8,0,PIT
Donovan Sebrango,L,D,2,0,0,0,0,0,--,OTT
Thomas Bordeleau,L,C,1,0,0,0,0,1,0,SJS
Brendan Brisson,L,C,9,0,0,0,0,7,0,VGK
Riley Duran,R,C,2,0,0,0,2,5,0,BOS
Chase Bradley,L,L,2,0,0,0,0,0,--,COL
Josh Dunne,L,C,2,0,0,0,5,1,0,BUF
Oskar Olausson,L,R,2,0,0,0,0,3,0,COL
Ryan Ufko,R,D,1,0,0,0,0,0,--,NSH
James Malatesta,L,L,2,0,0,0,0,0,--,CBJ
Carter Mazur,R,L,1,0,0,0,0,0,--,DET
Michael Milne,L,L,1,0,0,0,0,0,--,MIN
Jacob Melanson,R,R,1,0,0,0,0,0,--,SEA
Frederic Brunet,L,D,1,0,0,0,0,2,0,BOS
Ryan Greene,R,C,2,0,0,0,0,1,0,CHI
Devin Kaplan,R,R,1,0,0,0,0,0,--,PHI
Joakim Kemell,R,R,2,0,0,0,0,8,0,NSH
Kirill Kudryavtsev,L,D,2,0,0,0,0,2,0,VAN
Tristan Luneau,R,D,6,0,0,0,2,6,0,ANA
Noah Ostlund,L,C,8,0,0,0,2,4,0,BUF
Brian Halonen,R,L,2,0,0,0,0,2,0,NJD
Owen Sillinger,L,C,1,0,0,0,2,0,--,CBJ
Ben Meyers,L,C,8,0,0,0,2,4,0,SEA
Nikita Grebenkin,L,R,7,0,0,0,2,2,0,TOR
Hunter Brzustewicz,R,D,1,0,0,0,2,2,0,CGY
Dalibor Dvorsky,L,R,2,0,0,0,0,2,0,STL
Samuel Honzek,L,L,5,0,0,0,2,6,0,CGY
Gabe Perreault,L,R,5,0,0,0,0,5,0,NYR
Aydar Suniev,L,L,1,0,0,0,0,1,0,CGY
Jason Polin,R,R,2,0,0,0,0,3,0,COL
Ty Mueller,L,C,2,0,0,0,2,1,0,VAN
Jett Luchanko,R,C,4,0,0,0,2,3,0,PHI
Jacob Quillan,L,C,1,0,0,0,0,0,--,TOR
Jere Innala,L,L,17,0,0,0,2,8,0,COL
Nikita Prishchepov,L,C,10,0,0,0,0,4,0,COL
Jack Williams,R,R,1,0,0,0,0,0,--,CBJ
Karsen Dorwart,L,L,5,0,0,0,2,4,0,PHI
Quinn Hutson,R,R,2,0,0,0,2,1,0,EDM
Tim Washe,L,C,2,0,0,0,0,2,0,ANA
